{"epoch": 1, "train_loss": 2.567469358444214, "train_accuracy": 0.28125, "train_f1-score": 0.24206349206349204, "_timestamp": 1691287512.1026983, "_runtime": 317.7083172798157, "_step": 425}