{"epoch": 1, "train_loss": 3.287109851837158, "train_accuracy": 0.03125, "train_f1-score": 0.005291005291005292, "_timestamp": 1691287096.1714892, "_runtime": 26.223844289779663, "_step": 20}