{"epoch": 30, "train_loss": 1.2565966844558716, "train_accuracy": 0.5, "train_f1-score": 0.4, "_timestamp": 1691243821.3327758, "_runtime": 2151.0631737709045, "_step": 17249, "val_loss": 0.21640023589134216, "val_accuracy": 0.8928258967629047, "val_f1-score": 0.8951124381276201, "_wandb": {"runtime": 2148}}